<?xml version="1.0" encoding="utf-8" ?>
<dwsync>
<file name="ImportController.php" server="ec2-18-189-26-34.us-east-2.compute.amazonaws.com//var/www/html/" local="132672576430000000" remote="132672576430000000" Dst="1" />
<file name="SqlController.php" server="ec2-18-189-26-34.us-east-2.compute.amazonaws.com//var/www/html/" local="132672576430000000" remote="132672576430000000" Dst="1" />
<file name="TwoFactorController.php" server="ec2-18-189-26-34.us-east-2.compute.amazonaws.com//var/www/html/" local="132672576430000000" remote="132672576430000000" Dst="1" />
<file name="FeaturesController.php" server="ec2-18-189-26-34.us-east-2.compute.amazonaws.com//var/www/html/" local="132672576430000000" remote="132672576430000000" Dst="1" />
<file name="NavigationController.php" server="ec2-18-189-26-34.us-east-2.compute.amazonaws.com//var/www/html/" local="132672576430000000" remote="132672576430000000" Dst="1" />
<file name="ManageController.php" server="ec2-18-189-26-34.us-east-2.compute.amazonaws.com//var/www/html/" local="132672576430000000" remote="132672576430000000" Dst="1" />
<file name="ExportController.php" server="ec2-18-189-26-34.us-east-2.compute.amazonaws.com//var/www/html/" local="132672576430000000" remote="132672576430000000" Dst="1" />
<file name="MainPanelController.php" server="ec2-18-189-26-34.us-east-2.compute.amazonaws.com//var/www/html/" local="132672576430000000" remote="132672576430000000" Dst="1" />
</dwsync>