<?xml version="1.0" encoding="utf-8" ?>
<dwsync>
<file name="nav.css" server="ec2-3-134-245-99.us-east-2.compute.amazonaws.com//var/www/html/" local="133442223435453126" remote="133442226580000000" Dst="1" />
<file name="footer.css" server="ec2-3-134-245-99.us-east-2.compute.amazonaws.com//var/www/html/" local="133442223436312494" remote="133442226580000000" Dst="1" />
<file name="admin.dashboard.css" server="ec2-3-134-245-99.us-east-2.compute.amazonaws.com//var/www/html/" local="133442223435942384" remote="133442226560000000" Dst="1" />
<file name="home.css" server="ec2-3-134-245-99.us-east-2.compute.amazonaws.com//var/www/html/" local="133442223434680958" remote="133442226560000000" Dst="1" />
<file name="Checkout.css" server="ec2-3-134-245-99.us-east-2.compute.amazonaws.com//var/www/html/" local="133442223435164034" remote="133442226760000000" Dst="1" />
<file name="discount-codes.css" server="ec2-3-134-245-99.us-east-2.compute.amazonaws.com//var/www/html/" local="133442223435324462" remote="133442226770000000" Dst="1" />
<file name="order-history.css" server="ec2-3-134-245-99.us-east-2.compute.amazonaws.com//var/www/html/" local="133442223435054246" remote="133442226780000000" Dst="1" />
<file name="order.confirmation.css" server="ec2-3-134-245-99.us-east-2.compute.amazonaws.com//var/www/html/" local="133442223434555026" remote="133442226780000000" Dst="1" />
<file name="placed-orders.css" server="ec2-3-134-245-99.us-east-2.compute.amazonaws.com//var/www/html/" local="133442223436065136" remote="133442226780000000" Dst="1" />
<file name="product-management.css" server="ec2-3-134-245-99.us-east-2.compute.amazonaws.com//var/www/html/" local="133442223434804773" remote="133442226780000000" Dst="1" />
<file name="product.css" server="ec2-3-134-245-99.us-east-2.compute.amazonaws.com//var/www/html/" local="133442223435573549" remote="133442226780000000" Dst="1" />
<file name="sales-items.css" server="ec2-3-134-245-99.us-east-2.compute.amazonaws.com//var/www/html/" local="133442223435694417" remote="133442226790000000" Dst="1" />
<file name="search-results.css" server="ec2-3-134-245-99.us-east-2.compute.amazonaws.com//var/www/html/" local="133442223435825986" remote="133442226790000000" Dst="1" />
<file name="ShoppingCart.css" server="ec2-3-134-245-99.us-east-2.compute.amazonaws.com//var/www/html/" local="133442223434924657" remote="133442226790000000" Dst="1" />
<file name="user.management.css" server="ec2-3-134-245-99.us-east-2.compute.amazonaws.com//var/www/html/" local="133442223436183985" remote="133442226790000000" Dst="1" />
</dwsync>