<?xml version="1.0" encoding="utf-8" ?>
<dwsync>
<file name="index.html" server="ec2-3-134-245-99.us-east-2.compute.amazonaws.com//var/www/html/" local="133442223432281672" remote="133447262140000000" Dst="1" />
<file name="index.html" server="ec2-18-189-26-34.us-east-2.compute.amazonaws.com//var/www/html/" local="133447270822052915" remote="133449983930000000" Dst="1" />
<file name="sign_up.php" server="ec2-18-189-26-34.us-east-2.compute.amazonaws.com//var/www/html/" local="133454353477172900" remote="133454353550000000" Dst="1" />
<file name="functions.php" server="ec2-18-189-26-34.us-east-2.compute.amazonaws.com//var/www/html/" local="133456746970000000" remote="133456746970000000" Dst="1" />
<file name="login.php" server="ec2-18-189-26-34.us-east-2.compute.amazonaws.com//var/www/html/" local="133457023700000000" remote="133457023700000000" Dst="1" />
<file name="account.php" server="ec2-18-189-26-34.us-east-2.compute.amazonaws.com//var/www/html/" local="133458099163853005" remote="133458099190000000" Dst="1" />
<file name="search_results.php" server="ec2-18-189-26-34.us-east-2.compute.amazonaws.com//var/www/html/" local="133458433490000000" remote="133458433490000000" Dst="1" />
<file name="product.php" server="ec2-18-189-26-34.us-east-2.compute.amazonaws.com//var/www/html/" local="133457940683690469" remote="133457940700000000" Dst="1" />
<file name="header.php" server="ec2-18-189-26-34.us-east-2.compute.amazonaws.com//var/www/html/" local="133458393000000000" remote="133458393000000000" Dst="1" />
<file name="footer.php" server="ec2-18-189-26-34.us-east-2.compute.amazonaws.com//var/www/html/" local="133456953220000000" remote="133456953220000000" Dst="1" />
<file name="order_confirmation.php" server="ec2-18-189-26-34.us-east-2.compute.amazonaws.com//var/www/html/" local="133458420640000000" remote="133458420640000000" Dst="1" />
<file name="shopping_cart.php" server="ec2-18-189-26-34.us-east-2.compute.amazonaws.com//var/www/html/" local="133458419270000000" remote="133458419270000000" Dst="1" />
<file name="checkout.php" server="ec2-18-189-26-34.us-east-2.compute.amazonaws.com//var/www/html/" local="133458420010000000" remote="133458420010000000" Dst="1" />
<file name="placed_orders.php" server="ec2-18-189-26-34.us-east-2.compute.amazonaws.com//var/www/html/" local="133455364360000000" remote="133455364360000000" Dst="1" />
<file name="index.php" server="ec2-18-189-26-34.us-east-2.compute.amazonaws.com//var/www/html/" local="133458390840000000" remote="133458390840000000" Dst="1" />
<file name="product_management.php" server="ec2-18-189-26-34.us-east-2.compute.amazonaws.com//var/www/html/" local="133456286120000000" remote="133456286120000000" Dst="1" />
</dwsync>