<?xml version="1.0" encoding="utf-8" ?>
<dwsync>
<file name="robots.txt" server="ec2-18-189-26-34.us-east-2.compute.amazonaws.com//var/www/html/" local="132672576440000000" remote="132672576440000000" Dst="1" />
<file name="favicon.ico" server="ec2-18-189-26-34.us-east-2.compute.amazonaws.com//var/www/html/" local="132672576430000000" remote="132672576430000000" Dst="1" />
<file name="print.css" server="ec2-18-189-26-34.us-east-2.compute.amazonaws.com//var/www/html/" local="132672576440000000" remote="132672576440000000" Dst="1" />
<file name="url.php" server="ec2-18-189-26-34.us-east-2.compute.amazonaws.com//var/www/html/" local="132672576460000000" remote="132672576460000000" Dst="1" />
<file name="show_config_errors.php" server="ec2-18-189-26-34.us-east-2.compute.amazonaws.com//var/www/html/" local="132672576440000000" remote="132672576440000000" Dst="1" />
<file name="index.php" server="ec2-18-189-26-34.us-east-2.compute.amazonaws.com//var/www/html/" local="132672576430000000" remote="132672576430000000" Dst="1" />
<file name="config.sample.inc.php" server="ec2-18-189-26-34.us-east-2.compute.amazonaws.com//var/www/html/" local="132672576430000000" remote="132672576430000000" Dst="1" />
<file name="autoload.php" server="ec2-18-189-26-34.us-east-2.compute.amazonaws.com//var/www/html/" local="132871657690000000" remote="132871657690000000" Dst="1" />
</dwsync>