<?xml version="1.0" encoding="utf-8" ?>
<dwsync>
<file name="relations.html" server="ec2-18-189-26-34.us-east-2.compute.amazonaws.com//var/www/html/" local="132871657690000000" remote="132871657690000000" Dst="1" />
<file name="other.html" server="ec2-18-189-26-34.us-east-2.compute.amazonaws.com//var/www/html/" local="132871657690000000" remote="132871657690000000" Dst="1" />
<file name="themes.html" server="ec2-18-189-26-34.us-east-2.compute.amazonaws.com//var/www/html/" local="132871657690000000" remote="132871657690000000" Dst="1" />
<file name="search.html" server="ec2-18-189-26-34.us-east-2.compute.amazonaws.com//var/www/html/" local="132871657690000000" remote="132871657690000000" Dst="1" />
<file name="setup.html" server="ec2-18-189-26-34.us-east-2.compute.amazonaws.com//var/www/html/" local="132871657690000000" remote="132871657690000000" Dst="1" />
<file name="user.html" server="ec2-18-189-26-34.us-east-2.compute.amazonaws.com//var/www/html/" local="132871657690000000" remote="132871657690000000" Dst="1" />
<file name="privileges.html" server="ec2-18-189-26-34.us-east-2.compute.amazonaws.com//var/www/html/" local="132871657690000000" remote="132871657690000000" Dst="1" />
<file name="security.html" server="ec2-18-189-26-34.us-east-2.compute.amazonaws.com//var/www/html/" local="132871657690000000" remote="132871657690000000" Dst="1" />
<file name="import_export.html" server="ec2-18-189-26-34.us-east-2.compute.amazonaws.com//var/www/html/" local="132871657690000000" remote="132871657690000000" Dst="1" />
<file name="genindex.html" server="ec2-18-189-26-34.us-east-2.compute.amazonaws.com//var/www/html/" local="132871657690000000" remote="132871657690000000" Dst="1" />
<file name="objects.inv" server="ec2-18-189-26-34.us-east-2.compute.amazonaws.com//var/www/html/" local="132871657690000000" remote="132871657690000000" Dst="1" />
<file name="transformations.html" server="ec2-18-189-26-34.us-east-2.compute.amazonaws.com//var/www/html/" local="132871657690000000" remote="132871657690000000" Dst="1" />
<file name="intro.html" server="ec2-18-189-26-34.us-east-2.compute.amazonaws.com//var/www/html/" local="132871657690000000" remote="132871657690000000" Dst="1" />
<file name="index.html" server="ec2-18-189-26-34.us-east-2.compute.amazonaws.com//var/www/html/" local="132871657690000000" remote="132871657690000000" Dst="1" />
<file name="require.html" server="ec2-18-189-26-34.us-east-2.compute.amazonaws.com//var/www/html/" local="132871657690000000" remote="132871657690000000" Dst="1" />
<file name="faq.html" server="ec2-18-189-26-34.us-east-2.compute.amazonaws.com//var/www/html/" local="132871657690000000" remote="132871657690000000" Dst="1" />
<file name="credits.html" server="ec2-18-189-26-34.us-east-2.compute.amazonaws.com//var/www/html/" local="132871657690000000" remote="132871657690000000" Dst="1" />
<file name="developers.html" server="ec2-18-189-26-34.us-east-2.compute.amazonaws.com//var/www/html/" local="132871657690000000" remote="132871657690000000" Dst="1" />
<file name="charts.html" server="ec2-18-189-26-34.us-east-2.compute.amazonaws.com//var/www/html/" local="132871657690000000" remote="132871657690000000" Dst="1" />
<file name="bookmarks.html" server="ec2-18-189-26-34.us-east-2.compute.amazonaws.com//var/www/html/" local="132871657690000000" remote="132871657690000000" Dst="1" />
<file name="settings.html" server="ec2-18-189-26-34.us-east-2.compute.amazonaws.com//var/www/html/" local="132871657690000000" remote="132871657690000000" Dst="1" />
<file name="config.html" server="ec2-18-189-26-34.us-east-2.compute.amazonaws.com//var/www/html/" local="132871657690000000" remote="132871657690000000" Dst="1" />
<file name="glossary.html" server="ec2-18-189-26-34.us-east-2.compute.amazonaws.com//var/www/html/" local="132871657690000000" remote="132871657690000000" Dst="1" />
<file name="two_factor.html" server="ec2-18-189-26-34.us-east-2.compute.amazonaws.com//var/www/html/" local="132871657690000000" remote="132871657690000000" Dst="1" />
<file name="copyright.html" server="ec2-18-189-26-34.us-east-2.compute.amazonaws.com//var/www/html/" local="132871657690000000" remote="132871657690000000" Dst="1" />
<file name="searchindex.js" server="ec2-18-189-26-34.us-east-2.compute.amazonaws.com//var/www/html/" local="132871657690000000" remote="132871657690000000" Dst="1" />
<file name="vendors.html" server="ec2-18-189-26-34.us-east-2.compute.amazonaws.com//var/www/html/" local="132871657690000000" remote="132871657690000000" Dst="1" />
</dwsync>