<?xml version="1.0" encoding="utf-8" ?>
<dwsync>
<file name="glyphicons-halflings-regular.eot" server="ec2-3-134-245-99.us-east-2.compute.amazonaws.com//var/www/html/" local="133442210390992409" remote="133442214390000000" Dst="1" />
<file name="glyphicons-halflings-regular.woff2" server="ec2-3-134-245-99.us-east-2.compute.amazonaws.com//var/www/html/" local="133442210391193007" remote="133442214390000000" Dst="1" />
<file name="glyphicons-halflings-regular.woff" server="ec2-3-134-245-99.us-east-2.compute.amazonaws.com//var/www/html/" local="133442210391142119" remote="133442214400000000" Dst="1" />
<file name="glyphicons-halflings-regular.ttf" server="ec2-3-134-245-99.us-east-2.compute.amazonaws.com//var/www/html/" local="133442210391102250" remote="133442214400000000" Dst="1" />
<file name="glyphicons-halflings-regular.svg" server="ec2-3-134-245-99.us-east-2.compute.amazonaws.com//var/www/html/" local="133442210391062176" remote="133442226700000000" Dst="1" />
<file name="glyphicons-halflings-regular.woff2" server="ec2-18-189-26-34.us-east-2.compute.amazonaws.com//var/www/html/" local="133456284560000000" remote="133456284560000000" Dst="1" />
<file name="glyphicons-halflings-regular.svg" server="ec2-18-189-26-34.us-east-2.compute.amazonaws.com//var/www/html/" local="133456284550000000" remote="133456284550000000" Dst="1" />
<file name="glyphicons-halflings-regular.eot" server="ec2-18-189-26-34.us-east-2.compute.amazonaws.com//var/www/html/" local="133456284550000000" remote="133456284550000000" Dst="1" />
<file name="glyphicons-halflings-regular.ttf" server="ec2-18-189-26-34.us-east-2.compute.amazonaws.com//var/www/html/" local="133456284560000000" remote="133456284560000000" Dst="1" />
<file name="glyphicons-halflings-regular.woff" server="ec2-18-189-26-34.us-east-2.compute.amazonaws.com//var/www/html/" local="133456284560000000" remote="133456284560000000" Dst="1" />
</dwsync>