<?xml version="1.0" encoding="utf-8" ?>
<dwsync>
<file name="header.png" server="ec2-3-134-245-99.us-east-2.compute.amazonaws.com//var/www/html/" local="133442223439803395" remote="133442226580000000" Dst="1" />
<file name="404.png" server="ec2-3-134-245-99.us-east-2.compute.amazonaws.com//var/www/html/" local="133442223438313345" remote="133442226820000000" Dst="1" />
<file name="accessories-collection.png" server="ec2-3-134-245-99.us-east-2.compute.amazonaws.com//var/www/html/" local="133442223439479855" remote="133442226820000000" Dst="1" />
<file name="arrow.png" server="ec2-3-134-245-99.us-east-2.compute.amazonaws.com//var/www/html/" local="133442223439064488" remote="133442226820000000" Dst="1" />
<file name="card1.png" server="ec2-3-134-245-99.us-east-2.compute.amazonaws.com//var/www/html/" local="133442223439897225" remote="133442226830000000" Dst="1" />
<file name="card10.png" server="ec2-3-134-245-99.us-east-2.compute.amazonaws.com//var/www/html/" local="133442223439246864" remote="133442226830000000" Dst="1" />
<file name="card11.png" server="ec2-3-134-245-99.us-east-2.compute.amazonaws.com//var/www/html/" local="133442223439346671" remote="133442226830000000" Dst="1" />
<file name="card12.png" server="ec2-3-134-245-99.us-east-2.compute.amazonaws.com//var/www/html/" local="133442223439154564" remote="133442226840000000" Dst="1" />
<file name="card2.png" server="ec2-3-134-245-99.us-east-2.compute.amazonaws.com//var/www/html/" local="133442223439671839" remote="133442226840000000" Dst="1" />
<file name="card3.png" server="ec2-3-134-245-99.us-east-2.compute.amazonaws.com//var/www/html/" local="133442223439573532" remote="133442226840000000" Dst="1" />
<file name="card4.png" server="ec2-3-134-245-99.us-east-2.compute.amazonaws.com//var/www/html/" local="133442223440081911" remote="133442226840000000" Dst="1" />
<file name="card5.png" server="ec2-3-134-245-99.us-east-2.compute.amazonaws.com//var/www/html/" local="133442223439982034" remote="133442226850000000" Dst="1" />
<file name="card6.png" server="ec2-3-134-245-99.us-east-2.compute.amazonaws.com//var/www/html/" local="133442223440170399" remote="133442226850000000" Dst="1" />
<file name="card7.png" server="ec2-3-134-245-99.us-east-2.compute.amazonaws.com//var/www/html/" local="133442223440250298" remote="133442226850000000" Dst="1" />
<file name="card8.png" server="ec2-3-134-245-99.us-east-2.compute.amazonaws.com//var/www/html/" local="133442223438880012" remote="133442226860000000" Dst="1" />
<file name="card9.png" server="ec2-3-134-245-99.us-east-2.compute.amazonaws.com//var/www/html/" local="133442223438792797" remote="133442226860000000" Dst="1" />
<file name="cart.png" server="ec2-3-134-245-99.us-east-2.compute.amazonaws.com//var/www/html/" local="133442223438414646" remote="133442226860000000" Dst="1" />
<file name="dark-logo.png" server="ec2-3-134-245-99.us-east-2.compute.amazonaws.com//var/www/html/" local="133442223438611739" remote="133442226870000000" Dst="1" />
<file name="light-logo.png" server="ec2-3-134-245-99.us-east-2.compute.amazonaws.com//var/www/html/" local="133442223438693625" remote="133442226870000000" Dst="1" />
<file name="men-collection.png" server="ec2-3-134-245-99.us-east-2.compute.amazonaws.com//var/www/html/" local="133442223440782148" remote="133442226880000000" Dst="1" />
<file name="product image 1.png" server="ec2-3-134-245-99.us-east-2.compute.amazonaws.com//var/www/html/" local="133442223440552390" remote="133442226880000000" Dst="1" />
<file name="product image 2.png" server="ec2-3-134-245-99.us-east-2.compute.amazonaws.com//var/www/html/" local="133442223440452760" remote="133442226890000000" Dst="1" />
<file name="product image 3.png" server="ec2-3-134-245-99.us-east-2.compute.amazonaws.com//var/www/html/" local="133442223440351288" remote="133442226890000000" Dst="1" />
<file name="product image 4.png" server="ec2-3-134-245-99.us-east-2.compute.amazonaws.com//var/www/html/" local="133442223440657348" remote="133442226890000000" Dst="1" />
<file name="user.png" server="ec2-3-134-245-99.us-east-2.compute.amazonaws.com//var/www/html/" local="133442223438974073" remote="133442226900000000" Dst="1" />
<file name="women-collection.png" server="ec2-3-134-245-99.us-east-2.compute.amazonaws.com//var/www/html/" local="133442223438521894" remote="133442226900000000" Dst="1" />
</dwsync>