<?xml version="1.0" encoding="utf-8" ?>
<dwsync>
<file name="nav.css" server="ec2-3-134-245-99.us-east-2.compute.amazonaws.com//var/www/html/" local="133442223435453126" remote="133447273120000000" Dst="1" />
<file name="footer.css" server="ec2-3-134-245-99.us-east-2.compute.amazonaws.com//var/www/html/" local="133442223436312494" remote="133447273100000000" Dst="1" />
<file name="home.css" server="ec2-3-134-245-99.us-east-2.compute.amazonaws.com//var/www/html/" local="133447270409929267" remote="133447273110000000" Dst="1" />
<file name="product.css" server="ec2-3-134-245-99.us-east-2.compute.amazonaws.com//var/www/html/" local="133442223435573549" remote="133447273140000000" Dst="1" />
<file name="admin_dashboard.css" server="ec2-3-134-245-99.us-east-2.compute.amazonaws.com//var/www/html/" local="133442223435942384" remote="133447273090000000" Dst="1" />
<file name="checkout.css" server="ec2-3-134-245-99.us-east-2.compute.amazonaws.com//var/www/html/" local="133442223435164034" remote="133447273100000000" Dst="1" />
<file name="discount_codes.css" server="ec2-3-134-245-99.us-east-2.compute.amazonaws.com//var/www/html/" local="133442223435324462" remote="133447273100000000" Dst="1" />
<file name="order_confirmation.css" server="ec2-3-134-245-99.us-east-2.compute.amazonaws.com//var/www/html/" local="133442223434555026" remote="133447273140000000" Dst="1" />
<file name="order_history.css" server="ec2-3-134-245-99.us-east-2.compute.amazonaws.com//var/www/html/" local="133442223435054246" remote="133447273140000000" Dst="1" />
<file name="placed_orders.css" server="ec2-3-134-245-99.us-east-2.compute.amazonaws.com//var/www/html/" local="133442223436065136" remote="133447273140000000" Dst="1" />
<file name="product_management.css" server="ec2-3-134-245-99.us-east-2.compute.amazonaws.com//var/www/html/" local="133442223434804773" remote="133447273150000000" Dst="1" />
<file name="sales_items.css" server="ec2-3-134-245-99.us-east-2.compute.amazonaws.com//var/www/html/" local="133442223435694417" remote="133447273150000000" Dst="1" />
<file name="search_results.css" server="ec2-3-134-245-99.us-east-2.compute.amazonaws.com//var/www/html/" local="133442223435825986" remote="133447273150000000" Dst="1" />
<file name="shopping_cart.css" server="ec2-3-134-245-99.us-east-2.compute.amazonaws.com//var/www/html/" local="133442223434924657" remote="133447273150000000" Dst="1" />
<file name="user_management.css" server="ec2-3-134-245-99.us-east-2.compute.amazonaws.com//var/www/html/" local="133442223436183985" remote="133447273150000000" Dst="1" />
<file name="bootstrap-theme.css" server="ec2-3-134-245-99.us-east-2.compute.amazonaws.com//var/www/html/" local="133447279142437300" remote="133447290500000000" Dst="1" />
<file name="bootstrap-theme.css.map" server="ec2-3-134-245-99.us-east-2.compute.amazonaws.com//var/www/html/" local="133447279142637686" remote="133447290500000000" Dst="1" />
<file name="bootstrap-theme.min.css" server="ec2-3-134-245-99.us-east-2.compute.amazonaws.com//var/www/html/" local="133447279142832509" remote="133447290510000000" Dst="1" />
<file name="bootstrap-theme.min.css.map" server="ec2-3-134-245-99.us-east-2.compute.amazonaws.com//var/www/html/" local="133447279143017931" remote="133447290510000000" Dst="1" />
<file name="bootstrap.css.map" server="ec2-3-134-245-99.us-east-2.compute.amazonaws.com//var/www/html/" local="133447279143405447" remote="133447290520000000" Dst="1" />
<file name="bootstrap.min.css" server="ec2-3-134-245-99.us-east-2.compute.amazonaws.com//var/www/html/" local="133447279143605082" remote="133447290520000000" Dst="1" />
<file name="bootstrap.min.css.map" server="ec2-3-134-245-99.us-east-2.compute.amazonaws.com//var/www/html/" local="133447279143794670" remote="133447290520000000" Dst="1" />
<file name="justified-nav.css" server="ec2-3-134-245-99.us-east-2.compute.amazonaws.com//var/www/html/" local="133447279143973338" remote="133447290620000000" Dst="1" />
<file name="bootstrap.css" server="ec2-3-134-245-99.us-east-2.compute.amazonaws.com//var/www/html/" local="133447295514984626" remote="133447296190000000" Dst="1" />
<file name="bootstrap.css" server="ec2-18-189-26-34.us-east-2.compute.amazonaws.com//var/www/html/" local="133447295514984626" remote="133449983650000000" Dst="1" />
<file name="nav.css" server="ec2-18-189-26-34.us-east-2.compute.amazonaws.com//var/www/html/" local="133456973320000000" remote="133456973320000000" Dst="1" />
<file name="footer.css" server="ec2-18-189-26-34.us-east-2.compute.amazonaws.com//var/www/html/" local="133442223436312494" remote="133449983710000000" Dst="1" />
<file name="admin_dashboard.css" server="ec2-18-189-26-34.us-east-2.compute.amazonaws.com//var/www/html/" local="133442223435942384" remote="133449983690000000" Dst="1" />
<file name="home.css" server="ec2-18-189-26-34.us-east-2.compute.amazonaws.com//var/www/html/" local="133447270409929267" remote="133449983690000000" Dst="1" />
<file name="checkout.css" server="ec2-18-189-26-34.us-east-2.compute.amazonaws.com//var/www/html/" local="133442223435164034" remote="133449983750000000" Dst="1" />
<file name="bootstrap-theme.css" server="ec2-18-189-26-34.us-east-2.compute.amazonaws.com//var/www/html/" local="133447279142437300" remote="133449983770000000" Dst="1" />
<file name="bootstrap-theme.css.map" server="ec2-18-189-26-34.us-east-2.compute.amazonaws.com//var/www/html/" local="133447279142637686" remote="133449983770000000" Dst="1" />
<file name="bootstrap-theme.min.css" server="ec2-18-189-26-34.us-east-2.compute.amazonaws.com//var/www/html/" local="133447279142832509" remote="133449983780000000" Dst="1" />
<file name="bootstrap-theme.min.css.map" server="ec2-18-189-26-34.us-east-2.compute.amazonaws.com//var/www/html/" local="133447279143017931" remote="133449983780000000" Dst="1" />
<file name="bootstrap.css.map" server="ec2-18-189-26-34.us-east-2.compute.amazonaws.com//var/www/html/" local="133447279143405447" remote="133449983780000000" Dst="1" />
<file name="bootstrap.min.css" server="ec2-18-189-26-34.us-east-2.compute.amazonaws.com//var/www/html/" local="133447279143605082" remote="133449983790000000" Dst="1" />
<file name="bootstrap.min.css.map" server="ec2-18-189-26-34.us-east-2.compute.amazonaws.com//var/www/html/" local="133447279143794670" remote="133449983790000000" Dst="1" />
<file name="discount_codes.css" server="ec2-18-189-26-34.us-east-2.compute.amazonaws.com//var/www/html/" local="133442223435324462" remote="133449983790000000" Dst="1" />
<file name="justified-nav.css" server="ec2-18-189-26-34.us-east-2.compute.amazonaws.com//var/www/html/" local="133447279143973338" remote="133449983790000000" Dst="1" />
<file name="order_confirmation.css" server="ec2-18-189-26-34.us-east-2.compute.amazonaws.com//var/www/html/" local="133442223434555026" remote="133449983800000000" Dst="1" />
<file name="order_history.css" server="ec2-18-189-26-34.us-east-2.compute.amazonaws.com//var/www/html/" local="133442223435054246" remote="133449983800000000" Dst="1" />
<file name="placed_orders.css" server="ec2-18-189-26-34.us-east-2.compute.amazonaws.com//var/www/html/" local="133442223436065136" remote="133449983800000000" Dst="1" />
<file name="product.css" server="ec2-18-189-26-34.us-east-2.compute.amazonaws.com//var/www/html/" local="133442223435573549" remote="133449983800000000" Dst="1" />
<file name="product_management.css" server="ec2-18-189-26-34.us-east-2.compute.amazonaws.com//var/www/html/" local="133442223434804773" remote="133449983800000000" Dst="1" />
<file name="sales_items.css" server="ec2-18-189-26-34.us-east-2.compute.amazonaws.com//var/www/html/" local="133442223435694417" remote="133449983810000000" Dst="1" />
<file name="search_results.css" server="ec2-18-189-26-34.us-east-2.compute.amazonaws.com//var/www/html/" local="133442223435825986" remote="133449983810000000" Dst="1" />
<file name="shopping_cart.css" server="ec2-18-189-26-34.us-east-2.compute.amazonaws.com//var/www/html/" local="133442223434924657" remote="133449983810000000" Dst="1" />
<file name="user_management.css" server="ec2-18-189-26-34.us-east-2.compute.amazonaws.com//var/www/html/" local="133442223436183985" remote="133449983810000000" Dst="1" />
</dwsync>