<?xml version="1.0" encoding="utf-8" ?>
<dwsync>
<file name="bootstrap.min.css" server="ec2-3-134-245-99.us-east-2.compute.amazonaws.com//var/www/html/" local="133442210390680990" remote="133442214380000000" Dst="1" />
<file name="justified-nav.css" server="ec2-3-134-245-99.us-east-2.compute.amazonaws.com//var/www/html/" local="133442210390757220" remote="133442214410000000" Dst="1" />
<file name="bootstrap-theme.css" server="ec2-3-134-245-99.us-east-2.compute.amazonaws.com//var/www/html/" local="133442210390349542" remote="133442226610000000" Dst="1" />
<file name="bootstrap-theme.css.map" server="ec2-3-134-245-99.us-east-2.compute.amazonaws.com//var/www/html/" local="133442210390411434" remote="133442226610000000" Dst="1" />
<file name="bootstrap-theme.min.css" server="ec2-3-134-245-99.us-east-2.compute.amazonaws.com//var/www/html/" local="133442210390472765" remote="133442226610000000" Dst="1" />
<file name="bootstrap-theme.min.css.map" server="ec2-3-134-245-99.us-east-2.compute.amazonaws.com//var/www/html/" local="133442210390512423" remote="133442226620000000" Dst="1" />
<file name="bootstrap.css" server="ec2-3-134-245-99.us-east-2.compute.amazonaws.com//var/www/html/" local="133442210390572221" remote="133442226620000000" Dst="1" />
<file name="bootstrap.css.map" server="ec2-3-134-245-99.us-east-2.compute.amazonaws.com//var/www/html/" local="133442210390626083" remote="133442226640000000" Dst="1" />
<file name="bootstrap.min.css.map" server="ec2-3-134-245-99.us-east-2.compute.amazonaws.com//var/www/html/" local="133442210390737292" remote="133442226660000000" Dst="1" />
<file name="styles.css" server="ec2-3-134-245-99.us-east-2.compute.amazonaws.com//var/www/html/" local="133442210390797241" remote="133442226690000000" Dst="1" />
<file name="bootstrap-theme.min.css.map" server="ec2-18-189-26-34.us-east-2.compute.amazonaws.com//var/www/html/" local="133456284520000000" remote="133456284520000000" Dst="1" />
<file name="bootstrap.min.css" server="ec2-18-189-26-34.us-east-2.compute.amazonaws.com//var/www/html/" local="133456284530000000" remote="133456284530000000" Dst="1" />
<file name="justified-nav.css" server="ec2-18-189-26-34.us-east-2.compute.amazonaws.com//var/www/html/" local="133456284540000000" remote="133456284540000000" Dst="1" />
<file name="bootstrap-theme.min.css" server="ec2-18-189-26-34.us-east-2.compute.amazonaws.com//var/www/html/" local="133456284520000000" remote="133456284520000000" Dst="1" />
<file name="bootstrap.css.map" server="ec2-18-189-26-34.us-east-2.compute.amazonaws.com//var/www/html/" local="133456284530000000" remote="133456284530000000" Dst="1" />
<file name="styles.css" server="ec2-18-189-26-34.us-east-2.compute.amazonaws.com//var/www/html/" local="133456284540000000" remote="133456284540000000" Dst="1" />
<file name="bootstrap-theme.css" server="ec2-18-189-26-34.us-east-2.compute.amazonaws.com//var/www/html/" local="133456284520000000" remote="133456284520000000" Dst="1" />
<file name="bootstrap.css" server="ec2-18-189-26-34.us-east-2.compute.amazonaws.com//var/www/html/" local="133456284530000000" remote="133456284530000000" Dst="1" />
<file name="bootstrap.min.css.map" server="ec2-18-189-26-34.us-east-2.compute.amazonaws.com//var/www/html/" local="133456284540000000" remote="133456284540000000" Dst="1" />
<file name="bootstrap-theme.css.map" server="ec2-18-189-26-34.us-east-2.compute.amazonaws.com//var/www/html/" local="133456284520000000" remote="133456284520000000" Dst="1" />
</dwsync>