<?xml version="1.0" encoding="utf-8" ?>
<dwsync>
<file name="GisGeometry.php" server="ec2-18-189-26-34.us-east-2.compute.amazonaws.com//var/www/html/" local="132672576430000000" remote="132672576430000000" Dst="1" />
<file name="GisGeometryCollection.php" server="ec2-18-189-26-34.us-east-2.compute.amazonaws.com//var/www/html/" local="132672576430000000" remote="132672576430000000" Dst="1" />
<file name="GisPoint.php" server="ec2-18-189-26-34.us-east-2.compute.amazonaws.com//var/www/html/" local="132672576430000000" remote="132672576430000000" Dst="1" />
<file name="GisMultiPoint.php" server="ec2-18-189-26-34.us-east-2.compute.amazonaws.com//var/www/html/" local="132672576430000000" remote="132672576430000000" Dst="1" />
<file name="GisVisualization.php" server="ec2-18-189-26-34.us-east-2.compute.amazonaws.com//var/www/html/" local="132672576430000000" remote="132672576430000000" Dst="1" />
<file name="GisFactory.php" server="ec2-18-189-26-34.us-east-2.compute.amazonaws.com//var/www/html/" local="132672576430000000" remote="132672576430000000" Dst="1" />
<file name="GisMultiLineString.php" server="ec2-18-189-26-34.us-east-2.compute.amazonaws.com//var/www/html/" local="132672576430000000" remote="132672576430000000" Dst="1" />
<file name="GisPolygon.php" server="ec2-18-189-26-34.us-east-2.compute.amazonaws.com//var/www/html/" local="132871657690000000" remote="132871657690000000" Dst="1" />
<file name="GisLineString.php" server="ec2-18-189-26-34.us-east-2.compute.amazonaws.com//var/www/html/" local="132672576430000000" remote="132672576430000000" Dst="1" />
<file name="GisMultiPolygon.php" server="ec2-18-189-26-34.us-east-2.compute.amazonaws.com//var/www/html/" local="132871657690000000" remote="132871657690000000" Dst="1" />
</dwsync>