<?xml version="1.0" encoding="utf-8" ?>
<dwsync>
<file name="cart_8.png" server="ec2-18-189-26-34.us-east-2.compute.amazonaws.com//var/www/html/" local="133456824440000000" remote="133456824440000000" Dst="1" />
<file name="cart_5.png" server="ec2-18-189-26-34.us-east-2.compute.amazonaws.com//var/www/html/" local="133456824440000000" remote="133456824440000000" Dst="1" />
<file name="cart_10.png" server="ec2-18-189-26-34.us-east-2.compute.amazonaws.com//var/www/html/" local="133456824420000000" remote="133456824420000000" Dst="1" />
<file name="cart_4.png" server="ec2-18-189-26-34.us-east-2.compute.amazonaws.com//var/www/html/" local="133456824430000000" remote="133456824430000000" Dst="1" />
<file name="cart_2.png" server="ec2-18-189-26-34.us-east-2.compute.amazonaws.com//var/www/html/" local="133456824430000000" remote="133456824430000000" Dst="1" />
<file name="cart_6.png" server="ec2-18-189-26-34.us-east-2.compute.amazonaws.com//var/www/html/" local="133456824440000000" remote="133456824440000000" Dst="1" />
<file name="cart_0.png" server="ec2-18-189-26-34.us-east-2.compute.amazonaws.com//var/www/html/" local="133456824420000000" remote="133456824420000000" Dst="1" />
<file name="cart_9.png" server="ec2-18-189-26-34.us-east-2.compute.amazonaws.com//var/www/html/" local="133456824450000000" remote="133456824450000000" Dst="1" />
<file name="cart_3.png" server="ec2-18-189-26-34.us-east-2.compute.amazonaws.com//var/www/html/" local="133456824430000000" remote="133456824430000000" Dst="1" />
<file name="cart_7.png" server="ec2-18-189-26-34.us-east-2.compute.amazonaws.com//var/www/html/" local="133456824440000000" remote="133456824440000000" Dst="1" />
<file name="cart_1.png" server="ec2-18-189-26-34.us-east-2.compute.amazonaws.com//var/www/html/" local="133456824420000000" remote="133456824420000000" Dst="1" />
</dwsync>