<?xml version="1.0" encoding="utf-8" ?>
<dwsync>
<file name="multi_table_query.js" server="ec2-18-189-26-34.us-east-2.compute.amazonaws.com//var/www/html/" local="132672576430000000" remote="132672576430000000" Dst="1" />
<file name="structure.js" server="ec2-18-189-26-34.us-east-2.compute.amazonaws.com//var/www/html/" local="132672576430000000" remote="132672576430000000" Dst="1" />
<file name="tracking.js" server="ec2-18-189-26-34.us-east-2.compute.amazonaws.com//var/www/html/" local="132672576430000000" remote="132672576430000000" Dst="1" />
<file name="qbe.js" server="ec2-18-189-26-34.us-east-2.compute.amazonaws.com//var/www/html/" local="132672576430000000" remote="132672576430000000" Dst="1" />
<file name="central_columns.js" server="ec2-18-189-26-34.us-east-2.compute.amazonaws.com//var/www/html/" local="132672576430000000" remote="132672576430000000" Dst="1" />
<file name="search.js" server="ec2-18-189-26-34.us-east-2.compute.amazonaws.com//var/www/html/" local="132672576430000000" remote="132672576430000000" Dst="1" />
<file name="operations.js" server="ec2-18-189-26-34.us-east-2.compute.amazonaws.com//var/www/html/" local="132672576430000000" remote="132672576430000000" Dst="1" />
<file name="query_generator.js" server="ec2-18-189-26-34.us-east-2.compute.amazonaws.com//var/www/html/" local="132672576430000000" remote="132672576430000000" Dst="1" />
</dwsync>