<?xml version="1.0" encoding="utf-8" ?>
<dwsync>
<file name="header.png" server="ec2-3-134-245-99.us-east-2.compute.amazonaws.com//var/www/html/" local="133442223439803395" remote="133447290600000000" Dst="1" />
<file name="header.png" server="ec2-18-189-26-34.us-east-2.compute.amazonaws.com//var/www/html/" local="133442223439803395" remote="133449983700000000" Dst="1" />
<file name="404.png" server="ec2-18-189-26-34.us-east-2.compute.amazonaws.com//var/www/html/" local="133442223438313345" remote="133449983840000000" Dst="1" />
<file name="accessories-collection.png" server="ec2-18-189-26-34.us-east-2.compute.amazonaws.com//var/www/html/" local="133442223439479855" remote="133449983850000000" Dst="1" />
<file name="arrow.png" server="ec2-18-189-26-34.us-east-2.compute.amazonaws.com//var/www/html/" local="133442223439064488" remote="133449983850000000" Dst="1" />
<file name="card-img.png" server="ec2-18-189-26-34.us-east-2.compute.amazonaws.com//var/www/html/" local="133447260551397220" remote="133449983850000000" Dst="1" />
<file name="card1.png" server="ec2-18-189-26-34.us-east-2.compute.amazonaws.com//var/www/html/" local="133442223439897225" remote="133449983860000000" Dst="1" />
<file name="card10.png" server="ec2-18-189-26-34.us-east-2.compute.amazonaws.com//var/www/html/" local="133442223439246864" remote="133449983860000000" Dst="1" />
<file name="card11.png" server="ec2-18-189-26-34.us-east-2.compute.amazonaws.com//var/www/html/" local="133442223439346671" remote="133449983860000000" Dst="1" />
<file name="card12.png" server="ec2-18-189-26-34.us-east-2.compute.amazonaws.com//var/www/html/" local="133442223439154564" remote="133449983860000000" Dst="1" />
<file name="card2.png" server="ec2-18-189-26-34.us-east-2.compute.amazonaws.com//var/www/html/" local="133442223439671839" remote="133449983870000000" Dst="1" />
<file name="card3.png" server="ec2-18-189-26-34.us-east-2.compute.amazonaws.com//var/www/html/" local="133442223439573532" remote="133449983870000000" Dst="1" />
<file name="card4.png" server="ec2-18-189-26-34.us-east-2.compute.amazonaws.com//var/www/html/" local="133442223440081911" remote="133449983870000000" Dst="1" />
<file name="card5.png" server="ec2-18-189-26-34.us-east-2.compute.amazonaws.com//var/www/html/" local="133442223439982034" remote="133449983880000000" Dst="1" />
<file name="card6.png" server="ec2-18-189-26-34.us-east-2.compute.amazonaws.com//var/www/html/" local="133442223440170399" remote="133449983880000000" Dst="1" />
<file name="card7.png" server="ec2-18-189-26-34.us-east-2.compute.amazonaws.com//var/www/html/" local="133442223440250298" remote="133449983880000000" Dst="1" />
<file name="card8.png" server="ec2-18-189-26-34.us-east-2.compute.amazonaws.com//var/www/html/" local="133442223438880012" remote="133449983880000000" Dst="1" />
<file name="card9.png" server="ec2-18-189-26-34.us-east-2.compute.amazonaws.com//var/www/html/" local="133442223438792797" remote="133449983890000000" Dst="1" />
<file name="cart.png" server="ec2-18-189-26-34.us-east-2.compute.amazonaws.com//var/www/html/" local="133442223438414646" remote="133449983890000000" Dst="1" />
<file name="dark-logo.png" server="ec2-18-189-26-34.us-east-2.compute.amazonaws.com//var/www/html/" local="133456877250000000" remote="133456877250000000" Dst="1" />
<file name="light-logo.png" server="ec2-18-189-26-34.us-east-2.compute.amazonaws.com//var/www/html/" local="133456877250000000" remote="133456877250000000" Dst="1" />
<file name="men-collection.png" server="ec2-18-189-26-34.us-east-2.compute.amazonaws.com//var/www/html/" local="133442223440782148" remote="133449983910000000" Dst="1" />
<file name="product image 1.png" server="ec2-18-189-26-34.us-east-2.compute.amazonaws.com//var/www/html/" local="133442223440552390" remote="133449983910000000" Dst="1" />
<file name="product image 2.png" server="ec2-18-189-26-34.us-east-2.compute.amazonaws.com//var/www/html/" local="133442223440452760" remote="133449983910000000" Dst="1" />
<file name="product image 3.png" server="ec2-18-189-26-34.us-east-2.compute.amazonaws.com//var/www/html/" local="133442223440351288" remote="133449983920000000" Dst="1" />
<file name="product image 4.png" server="ec2-18-189-26-34.us-east-2.compute.amazonaws.com//var/www/html/" local="133442223440657348" remote="133449983920000000" Dst="1" />
<file name="user.png" server="ec2-18-189-26-34.us-east-2.compute.amazonaws.com//var/www/html/" local="133442223438974073" remote="133449983920000000" Dst="1" />
<file name="women-collection.png" server="ec2-18-189-26-34.us-east-2.compute.amazonaws.com//var/www/html/" local="133442223438521894" remote="133449983930000000" Dst="1" />
<file name="image_missing.png" server="ec2-18-189-26-34.us-east-2.compute.amazonaws.com//var/www/html/" local="133453275570906039" remote="133453344450000000" Dst="1" />
<file name="order_confirmation.jpg" server="ec2-18-189-26-34.us-east-2.compute.amazonaws.com//var/www/html/" local="133458412250000000" remote="133458412250000000" Dst="1" />
</dwsync>