<?xml version="1.0" encoding="utf-8" ?>
<dwsync>
<file name="column_chart.png" server="ec2-18-189-26-34.us-east-2.compute.amazonaws.com//var/www/html/" local="132672576430000000" remote="132672576430000000" Dst="1" />
<file name="spline_chart.png" server="ec2-18-189-26-34.us-east-2.compute.amazonaws.com//var/www/html/" local="132672576430000000" remote="132672576430000000" Dst="1" />
<file name="scatter_chart.png" server="ec2-18-189-26-34.us-east-2.compute.amazonaws.com//var/www/html/" local="132672576430000000" remote="132672576430000000" Dst="1" />
<file name="pma-relations-relation-view-link.png" server="ec2-18-189-26-34.us-east-2.compute.amazonaws.com//var/www/html/" local="132871657690000000" remote="132871657690000000" Dst="1" />
<file name="pie_chart.png" server="ec2-18-189-26-34.us-east-2.compute.amazonaws.com//var/www/html/" local="132672576430000000" remote="132672576430000000" Dst="1" />
<file name="line_chart.png" server="ec2-18-189-26-34.us-east-2.compute.amazonaws.com//var/www/html/" local="132672576430000000" remote="132672576430000000" Dst="1" />
<file name="query_result_operations.png" server="ec2-18-189-26-34.us-east-2.compute.amazonaws.com//var/www/html/" local="132672576430000000" remote="132672576430000000" Dst="1" />
<file name="chart.png" server="ec2-18-189-26-34.us-east-2.compute.amazonaws.com//var/www/html/" local="132672576430000000" remote="132672576430000000" Dst="1" />
<file name="usergroups.png" server="ec2-18-189-26-34.us-east-2.compute.amazonaws.com//var/www/html/" local="132672576430000000" remote="132672576430000000" Dst="1" />
<file name="pma-relations-relation-name.png" server="ec2-18-189-26-34.us-east-2.compute.amazonaws.com//var/www/html/" local="132672576430000000" remote="132672576430000000" Dst="1" />
<file name="pma-relations-relation-link.png" server="ec2-18-189-26-34.us-east-2.compute.amazonaws.com//var/www/html/" local="132672576430000000" remote="132672576430000000" Dst="1" />
<file name="timeline_chart.png" server="ec2-18-189-26-34.us-east-2.compute.amazonaws.com//var/www/html/" local="132672576430000000" remote="132672576430000000" Dst="1" />
<file name="pma-relations-links.png" server="ec2-18-189-26-34.us-east-2.compute.amazonaws.com//var/www/html/" local="132672576430000000" remote="132672576430000000" Dst="1" />
</dwsync>