<?xml version="1.0" encoding="utf-8" ?>
<dwsync>
<file name="jquery.sortable-table.js" server="ec2-18-189-26-34.us-east-2.compute.amazonaws.com//var/www/html/" local="132672576430000000" remote="132672576430000000" Dst="1" />
<file name="console.js" server="ec2-18-189-26-34.us-east-2.compute.amazonaws.com//var/www/html/" local="132672576430000000" remote="132672576430000000" Dst="1" />
<file name="common.js" server="ec2-18-189-26-34.us-east-2.compute.amazonaws.com//var/www/html/" local="132672576430000000" remote="132672576430000000" Dst="1" />
<file name="ol.mjs" server="ec2-18-189-26-34.us-east-2.compute.amazonaws.com//var/www/html/" local="132871657690000000" remote="132871657690000000" Dst="1" />
<file name="replication.js" server="ec2-18-189-26-34.us-east-2.compute.amazonaws.com//var/www/html/" local="132672576430000000" remote="132672576430000000" Dst="1" />
<file name="indexes.js" server="ec2-18-189-26-34.us-east-2.compute.amazonaws.com//var/www/html/" local="132672576430000000" remote="132672576430000000" Dst="1" />
<file name="cross_framing_protection.js" server="ec2-18-189-26-34.us-east-2.compute.amazonaws.com//var/www/html/" local="132672576430000000" remote="132672576430000000" Dst="1" />
<file name="rte.js" server="ec2-18-189-26-34.us-east-2.compute.amazonaws.com//var/www/html/" local="132672576430000000" remote="132672576430000000" Dst="1" />
<file name="export_output.js" server="ec2-18-189-26-34.us-east-2.compute.amazonaws.com//var/www/html/" local="132672576430000000" remote="132672576430000000" Dst="1" />
<file name="config.js" server="ec2-18-189-26-34.us-east-2.compute.amazonaws.com//var/www/html/" local="132672576430000000" remote="132672576430000000" Dst="1" />
<file name="import.js" server="ec2-18-189-26-34.us-east-2.compute.amazonaws.com//var/www/html/" local="132672576430000000" remote="132672576430000000" Dst="1" />
<file name="functions.js" server="ec2-18-189-26-34.us-east-2.compute.amazonaws.com//var/www/html/" local="132871657690000000" remote="132871657690000000" Dst="1" />
<file name="chart.js" server="ec2-18-189-26-34.us-east-2.compute.amazonaws.com//var/www/html/" local="132672576430000000" remote="132672576430000000" Dst="1" />
<file name="multi_column_sort.js" server="ec2-18-189-26-34.us-east-2.compute.amazonaws.com//var/www/html/" local="132672576430000000" remote="132672576430000000" Dst="1" />
<file name="navigation.js" server="ec2-18-189-26-34.us-east-2.compute.amazonaws.com//var/www/html/" local="132672576430000000" remote="132672576430000000" Dst="1" />
<file name="export.js" server="ec2-18-189-26-34.us-east-2.compute.amazonaws.com//var/www/html/" local="132672576430000000" remote="132672576430000000" Dst="1" />
<file name="gis_data_editor.js" server="ec2-18-189-26-34.us-east-2.compute.amazonaws.com//var/www/html/" local="132672576430000000" remote="132672576430000000" Dst="1" />
<file name="keyhandler.js" server="ec2-18-189-26-34.us-east-2.compute.amazonaws.com//var/www/html/" local="132672576430000000" remote="132672576430000000" Dst="1" />
<file name="normalization.js" server="ec2-18-189-26-34.us-east-2.compute.amazonaws.com//var/www/html/" local="132672576430000000" remote="132672576430000000" Dst="1" />
<file name="u2f.js" server="ec2-18-189-26-34.us-east-2.compute.amazonaws.com//var/www/html/" local="132672576430000000" remote="132672576430000000" Dst="1" />
<file name="error_report.js" server="ec2-18-189-26-34.us-east-2.compute.amazonaws.com//var/www/html/" local="132672576430000000" remote="132672576430000000" Dst="1" />
<file name="ajax.js" server="ec2-18-189-26-34.us-east-2.compute.amazonaws.com//var/www/html/" local="132672576430000000" remote="132672576430000000" Dst="1" />
<file name="shortcuts_handler.js" server="ec2-18-189-26-34.us-east-2.compute.amazonaws.com//var/www/html/" local="132672576430000000" remote="132672576430000000" Dst="1" />
<file name="page_settings.js" server="ec2-18-189-26-34.us-east-2.compute.amazonaws.com//var/www/html/" local="132672576430000000" remote="132672576430000000" Dst="1" />
<file name="microhistory.js" server="ec2-18-189-26-34.us-east-2.compute.amazonaws.com//var/www/html/" local="132672576430000000" remote="132672576430000000" Dst="1" />
<file name="menu_resizer.js" server="ec2-18-189-26-34.us-east-2.compute.amazonaws.com//var/www/html/" local="132672576430000000" remote="132672576430000000" Dst="1" />
<file name="makegrid.js" server="ec2-18-189-26-34.us-east-2.compute.amazonaws.com//var/www/html/" local="132672576430000000" remote="132672576430000000" Dst="1" />
<file name="sql.js" server="ec2-18-189-26-34.us-east-2.compute.amazonaws.com//var/www/html/" local="132672576430000000" remote="132672576430000000" Dst="1" />
<file name="doclinks.js" server="ec2-18-189-26-34.us-east-2.compute.amazonaws.com//var/www/html/" local="132672576430000000" remote="132672576430000000" Dst="1" />
<file name="drag_drop_import.js" server="ec2-18-189-26-34.us-east-2.compute.amazonaws.com//var/www/html/" local="132672576430000000" remote="132672576430000000" Dst="1" />
</dwsync>