<?xml version="1.0" encoding="utf-8" ?>
<dwsync>
<file name="accountSignup_Validation.js" server="ec2-3-134-245-99.us-east-2.compute.amazonaws.com//var/www/html/" local="133440325790000000" remote="133440325790000000" Dst="1" />
<file name="jquery-3.4.1.min.js" server="ec2-3-134-245-99.us-east-2.compute.amazonaws.com//var/www/html/" local="133442205813150359" remote="133442216480000000" Dst="1" />
<file name="main.js" server="ec2-3-134-245-99.us-east-2.compute.amazonaws.com//var/www/html/" local="133442206317151132" remote="133442219030000000" Dst="1" />
<file name="bootstrap.js" server="ec2-3-134-245-99.us-east-2.compute.amazonaws.com//var/www/html/" local="133442210391333019" remote="133442226710000000" Dst="1" />
<file name="bootstrap.min.js" server="ec2-3-134-245-99.us-east-2.compute.amazonaws.com//var/www/html/" local="133442210391352955" remote="133442226720000000" Dst="1" />
<file name="Checkout.js" server="ec2-3-134-245-99.us-east-2.compute.amazonaws.com//var/www/html/" local="133442223438203586" remote="133442226720000000" Dst="1" />
<file name="discount-codes.js" server="ec2-3-134-245-99.us-east-2.compute.amazonaws.com//var/www/html/" local="133442223436634512" remote="133442226720000000" Dst="1" />
<file name="footer.js" server="ec2-3-134-245-99.us-east-2.compute.amazonaws.com//var/www/html/" local="133442223438062243" remote="133442226720000000" Dst="1" />
<file name="home.js" server="ec2-3-134-245-99.us-east-2.compute.amazonaws.com//var/www/html/" local="133442223437062887" remote="133442226720000000" Dst="1" />
<file name="nav.js" server="ec2-3-134-245-99.us-east-2.compute.amazonaws.com//var/www/html/" local="133442223437782707" remote="133442226730000000" Dst="1" />
<file name="order-history.js" server="ec2-3-134-245-99.us-east-2.compute.amazonaws.com//var/www/html/" local="133442223437922602" remote="133442226730000000" Dst="1" />
<file name="placed-orders.js" server="ec2-3-134-245-99.us-east-2.compute.amazonaws.com//var/www/html/" local="133442223437209890" remote="133442226730000000" Dst="1" />
<file name="product-management.js" server="ec2-3-134-245-99.us-east-2.compute.amazonaws.com//var/www/html/" local="133442223436479960" remote="133442226730000000" Dst="1" />
<file name="product.js" server="ec2-3-134-245-99.us-east-2.compute.amazonaws.com//var/www/html/" local="133442223437645382" remote="133442226730000000" Dst="1" />
<file name="sales-items.js" server="ec2-3-134-245-99.us-east-2.compute.amazonaws.com//var/www/html/" local="133442223436931697" remote="133442226740000000" Dst="1" />
<file name="search-results.js" server="ec2-3-134-245-99.us-east-2.compute.amazonaws.com//var/www/html/" local="133442223437503107" remote="133442226740000000" Dst="1" />
<file name="ShoppingCart.js" server="ec2-3-134-245-99.us-east-2.compute.amazonaws.com//var/www/html/" local="133442223436780771" remote="133442226740000000" Dst="1" />
<file name="user-management.js" server="ec2-3-134-245-99.us-east-2.compute.amazonaws.com//var/www/html/" local="133442223437361278" remote="133442226740000000" Dst="1" />
<file name="bootstrap-4.4.1.js" server="ec2-18-189-26-34.us-east-2.compute.amazonaws.com//var/www/html/" local="133456284570000000" remote="133456284570000000" Dst="1" />
<file name="accountSignup_Validation.js" server="ec2-18-189-26-34.us-east-2.compute.amazonaws.com//var/www/html/" local="133456284570000000" remote="133456284570000000" Dst="1" />
<file name="bootstrap.js" server="ec2-18-189-26-34.us-east-2.compute.amazonaws.com//var/www/html/" local="133456284580000000" remote="133456284580000000" Dst="1" />
</dwsync>