<?xml version="1.0" encoding="utf-8" ?>
<dwsync>
<file name="account.html" server="ec2-3-134-245-99.us-east-2.compute.amazonaws.com//var/www/html/" local="133442219945551838" remote="133442219980000000" Dst="1" />
<file name="login.html" server="ec2-3-134-245-99.us-east-2.compute.amazonaws.com//var/www/html/" local="133442222484920483" remote="133442226910000000" Dst="1" />
<file name="sign_up.html" server="ec2-3-134-245-99.us-east-2.compute.amazonaws.com//var/www/html/" local="133442218824995680" remote="133442219050000000" Dst="1" />
<file name="admin-dashboard.html" server="ec2-3-134-245-99.us-east-2.compute.amazonaws.com//var/www/html/" local="133442223433262166" remote="133442226550000000" Dst="1" />
<file name="Checkout.html" server="ec2-3-134-245-99.us-east-2.compute.amazonaws.com//var/www/html/" local="133442223433594701" remote="133442226760000000" Dst="1" />
<file name="discount-codes.html" server="ec2-3-134-245-99.us-east-2.compute.amazonaws.com//var/www/html/" local="133442223433759495" remote="133442226800000000" Dst="1" />
<file name="index.html" server="ec2-3-134-245-99.us-east-2.compute.amazonaws.com//var/www/html/" local="133442223432281672" remote="133442226910000000" Dst="1" />
<file name="order-confirmation.html" server="ec2-3-134-245-99.us-east-2.compute.amazonaws.com//var/www/html/" local="133442223434080129" remote="133442226920000000" Dst="1" />
<file name="order-history.html" server="ec2-3-134-245-99.us-east-2.compute.amazonaws.com//var/www/html/" local="133442223433097469" remote="133442226920000000" Dst="1" />
<file name="placed-orders.html" server="ec2-3-134-245-99.us-east-2.compute.amazonaws.com//var/www/html/" local="133442223434413900" remote="133442226920000000" Dst="1" />
<file name="product-management.html" server="ec2-3-134-245-99.us-east-2.compute.amazonaws.com//var/www/html/" local="133442223432611374" remote="133442226920000000" Dst="1" />
<file name="product.html" server="ec2-3-134-245-99.us-east-2.compute.amazonaws.com//var/www/html/" local="133442223432771213" remote="133442226930000000" Dst="1" />
<file name="sales-items.html" server="ec2-3-134-245-99.us-east-2.compute.amazonaws.com//var/www/html/" local="133442223434250595" remote="133442226930000000" Dst="1" />
<file name="search-results.html" server="ec2-3-134-245-99.us-east-2.compute.amazonaws.com//var/www/html/" local="133442223433922218" remote="133442226930000000" Dst="1" />
<file name="ShoppingCart.html" server="ec2-3-134-245-99.us-east-2.compute.amazonaws.com//var/www/html/" local="133442223433427400" remote="133442226930000000" Dst="1" />
<file name="testing.html" server="ec2-3-134-245-99.us-east-2.compute.amazonaws.com//var/www/html/" local="133440328300000000" remote="133442226940000000" Dst="1" />
<file name="user-management.html" server="ec2-3-134-245-99.us-east-2.compute.amazonaws.com//var/www/html/" local="133442227875330565" remote="133442227920000000" Dst="1" />
<file name="account.html" server="ec2-18-189-26-34.us-east-2.compute.amazonaws.com//var/www/html/" local="133456284500000000" remote="133456284500000000" Dst="1" />
<file name="admin-dashboard.html" server="ec2-18-189-26-34.us-east-2.compute.amazonaws.com//var/www/html/" local="133456284500000000" remote="133456284500000000" Dst="1" />
</dwsync>