<?xml version="1.0" encoding="utf-8" ?>
<dwsync>
<file name="default.css" server="ec2-18-189-26-34.us-east-2.compute.amazonaws.com//var/www/html/" local="132539576090000000" remote="132539576090000000" Dst="1" />
<file name="doctools.js" server="ec2-18-189-26-34.us-east-2.compute.amazonaws.com//var/www/html/" local="132871657690000000" remote="132871657690000000" Dst="1" />
<file name="minus.png" server="ec2-18-189-26-34.us-east-2.compute.amazonaws.com//var/www/html/" local="132539576090000000" remote="132539576090000000" Dst="1" />
<file name="plus.png" server="ec2-18-189-26-34.us-east-2.compute.amazonaws.com//var/www/html/" local="132539576090000000" remote="132539576090000000" Dst="1" />
<file name="searchtools.js" server="ec2-18-189-26-34.us-east-2.compute.amazonaws.com//var/www/html/" local="132871657690000000" remote="132871657690000000" Dst="1" />
<file name="jquery.js" server="ec2-18-189-26-34.us-east-2.compute.amazonaws.com//var/www/html/" local="132871657690000000" remote="132871657690000000" Dst="1" />
<file name="file.png" server="ec2-18-189-26-34.us-east-2.compute.amazonaws.com//var/www/html/" local="132539576090000000" remote="132539576090000000" Dst="1" />
<file name="documentation_options.js" server="ec2-18-189-26-34.us-east-2.compute.amazonaws.com//var/www/html/" local="132871657690000000" remote="132871657690000000" Dst="1" />
<file name="classic.css" server="ec2-18-189-26-34.us-east-2.compute.amazonaws.com//var/www/html/" local="132871657690000000" remote="132871657690000000" Dst="1" />
<file name="sidebar.js" server="ec2-18-189-26-34.us-east-2.compute.amazonaws.com//var/www/html/" local="132871657690000000" remote="132871657690000000" Dst="1" />
<file name="language_data.js" server="ec2-18-189-26-34.us-east-2.compute.amazonaws.com//var/www/html/" local="132871657690000000" remote="132871657690000000" Dst="1" />
<file name="pygments.css" server="ec2-18-189-26-34.us-east-2.compute.amazonaws.com//var/www/html/" local="132871657690000000" remote="132871657690000000" Dst="1" />
<file name="underscore.js" server="ec2-18-189-26-34.us-east-2.compute.amazonaws.com//var/www/html/" local="132871657690000000" remote="132871657690000000" Dst="1" />
<file name="basic.css" server="ec2-18-189-26-34.us-east-2.compute.amazonaws.com//var/www/html/" local="132871657690000000" remote="132871657690000000" Dst="1" />
</dwsync>